channel,spend,revenue,roas_percent
Facebook,50234484,34856.0,0.06938659905414774
LinkedIn,58543592,34624.0,0.05914225420264612
Google Ads,50531735,29460.0,0.058299997021673614
TikTok,51460542,28292.0,0.054978045120473086
