channel,spend,revenue,roas_percent
Google Ads,186828402,119721.0,0.06408072793985574
Facebook,187710680,116264.0,0.061937871622435116
LinkedIn,214071232,123708.0,0.057788241252332305
TikTok,200396608,113502.0,0.05663868322561627
